{
	"format_version": "1.8.0",
	"animations": {
		"animation.regidrago.ground_idle": {
			"loop": true,
			"animation_length": 1.75,
			"bones": {
				"torso": {
					"rotation": {
						"0.0": [10, 0, 0],
						"0.875": [-2.5, 0, 0],
						"1.75": [10, 0, 0]
					}
				},
				"right_leg": {
					"rotation": {
						"0.0": [-15, 0, 0],
						"0.875": [-2.85714, 0, -2.38095],
						"1.75": [-15, 0, 0]
					}
				},
				"left_leg": {
					"rotation": {
						"0.0": [-7.5, 0, 0],
						"0.875": [2.45013, -0.10372, 1.18595],
						"1.75": [-7.5, 0, 0]
					}
				},
				"left_arm": {
					"rotation": {
						"0.0": [-9, 0, -11],
						"0.875": [3.5, 0, -11],
						"1.75": [-9, 0, -11]
					},
					"position": {
						"0.0": [0, 1.2, 0],
						"1.75": [0, 1.2, 0]
					}
				},
				"right_arm": {
					"rotation": {
						"0.0": [-10.83687, 1.89876, 11.31988],
						"0.875": [-0.83687, 1.89876, 11.31988],
						"1.75": [-10.83687, 1.89876, 11.31988]
					},
					"position": {
						"0.0": [0, 1.7, 0],
						"0.875": [0, -0.1, 0],
						"1.75": [0, 1.7, 0]
					}
				}
			}
		},
		"animation.regidrago.ground_walk": {
			"loop": true,
			"animation_length": 2,
			"bones": {
				"torso": {
					"rotation": {
						"0.0": [10, 0, 0],
						"1.0": [2.5, 0, 0],
						"2.0": [10, 0, 0]
					}
				},
				"right_leg": {
					"rotation": {
						"0.0": [-30, 0, 0],
						"1.0": [30, 0, 0],
						"2.0": [-30, 0, 0]
					}
				},
				"left_leg": {
					"rotation": {
						"0.0": [30, 0, 0],
						"1.0": [-30, 0, 0],
						"2.0": [30, 0, 0]
					}
				},
				"left_arm": {
					"rotation": {
						"0.0": [25, 0, 0],
						"1.0": [-25, 0, 0],
						"2.0": [25, 0, 0]
					},
					"position": {
						"0.0": [0, 0.1, -3.1],
						"1.0": [0, 0.1, 2],
						"2.0": [0, 0.1, -3.1]
					}
				},
				"right_arm": {
					"rotation": {
						"0.0": [-27.5, 0, 0],
						"1.0": [10, 0, 0],
						"2.0": [-27.5, 0, 0]
					},
					"position": {
						"0.0": [0, 1.6, 1.8],
						"0.7083": [0, 1.6, -0.08],
						"1.0": [0, 1.6, 0],
						"1.25": [0, 1.6, -0.05],
						"2.0": [0, 1.6, 1.8]
					}
				}
			}
		},
		"animation.regidrago.cry": {
			"animation_length": 2.375,
			"bones": {
				"torso": {
					"rotation": {
						"0.7083": [8, 0, 0],
						"1.0": [-4, 0, 0]
					},
					"position": {
						"0.0": [0, 0, 0],
						"0.7083": [0, 11, 0],
						"1.0": [0, 12, 0],
						"1.625": [0, 0, 0]
					}
				},
				"eyes": {
					"scale": {
						"0.0": [1, 1, 1],
						"0.4167": [0.05, -0.01, 0.6],
						"1.3333": [0.05, -0.01, 0.6],
						"1.625": [1, 1, 1]
					}
				},
				"right_leg": {
					"rotation": {
						"0.0": [0, 0, 0],
						"0.125": [0, 0, 184.41],
						"0.7083": [0, 0, 195],
						"1.375": [0, 0, 195],
						"1.5417": [0, 0, 2.5],
						"1.625": [0, 0, 0]
					}
				},
				"left_leg": {
					"rotation": {
						"0.0": [0, 0, 0],
						"0.125": [0, 0, 189.12],
						"0.7083": [0, 0, 165],
						"1.375": [0, 0, 165],
						"1.5417": [0, 0, -7.5],
						"1.625": [0, 0, 0]
					}
				},
				"left_arm": {
					"rotation": {
						"0.0": [0, 0, 0],
						"0.7083": [-90, -33.5, 90],
						"1.0": [-90, 6.5, 90],
						"1.25": [-90, -43.5, 90],
						"1.625": [0, 0, 0]
					},
					"position": {
						"0.0": [0, 0, 0],
						"0.625": [8.48, -3.69, 4.91],
						"0.7083": [7, -8.6, 4.2],
						"0.75": [6.44, -7.14, 4.01],
						"1.0": [6.21, -6.08, 5.27],
						"1.375": [-1.89, 6.75, 1.15],
						"1.625": [0, 0, 0]
					},
					"scale": {
						"0.0": [1, 1, 1],
						"0.7083": [1, 1, 1.18],
						"1.0": [1, 1, 1.18],
						"1.625": [1, 1, 1]
					}
				},
				"right_arm": {
					"rotation": {
						"0.0": [0, 0, 0],
						"0.7083": [-90, 23.97564, 92.0043],
						"1.0": [-90, -7.02436, 92.0043],
						"1.25": [-90, 35.47564, 92.0043],
						"1.625": [0, 0, 0]
					},
					"position": {
						"0.0": [0, 0, 0],
						"0.3333": [2.96, -6.31, 1.88],
						"0.5833": [-5.01, -14.04, 3.29],
						"0.7083": [-9, -10.6, 4],
						"0.875": [-8.7, -9.51, 4],
						"1.0": [-9, -8.7, 4],
						"1.1667": [-8.93, -15.12, 4.71],
						"1.375": [13.65, -2.89, 1.09],
						"1.625": [0, 0, 0]
					},
					"scale": {
						"0.0": [1, 1, 1],
						"0.875": [1, 1, 1.13],
						"1.6667": [1, 1, 1]
					}
				},
				"energy": {
					"position": {
						"0.0": [0, 0.3, 0],
						"0.125": [0, -1.8, 0],
						"0.25": [0, -3.8, 0],
						"0.2917": [0, -4.1, 0],
						"1.2917": [0, -4.1, 0],
						"1.625": [0, 0.9, 0]
					},
					"scale": {
						"0.0": [1, 1, 1],
						"0.2917": [1.26, 1.24, 1.29],
						"1.2917": [1.26, 1.24, 1.29],
						"1.625": [1, 1, 1]
					}
				}
			},
			"sound_effects": {
				"0.875": {
					"effect": "regidrago.mp3"
				}
			}
		}
	}
}